{
	"rooms":{
				"zuhause":{
					"name": "Zuhause",
					"beschreibung": "Dein Zuhause ruhig und gem�tlich",
					"open": true,
					"gefahrenstufe": 0,
					"typ": "frei",
					"npc": {
					}
				},
				"supermarkt":{
					"name": "Lucas L�dchen",
					"beschreibung": "Der Supermarkt um die Ecke",
					"open": true,
					"gefahrenstufe": 0,
					"typ": "frei",
					"npc": {
						"bot1": "Hildegard"
					}
				},
				"bank":{
					"name": "Bank",
					"beschreibung": "Die Bank um die Ecke",
					"open": true,
					"gefahrenstufe": 0,
					"typ": "frei",
					"npc": {
						"bot1": "Gerald",
						"bot2": "Geraldine"
					}
				},
				"tattoostudio":{
					"name": "Tattoostudio",
					"beschreibung": "Dein Tattoostudio um die Ecke",
					"open": true,
					"gefahrenstufe": 0,
					"typ": "frei",
					"npc": {
						"bot1": "Manfred"
					}
				},
				
				
				
				"zelle":{
					"name": "Zelle",
					"beschreibung": "Deine Zelle",
					"open": true,
					"gefahrenstufe": 1,
					"typ": "gefangen",
					"npc": {
						"bot1": "Klaus"
					}
				},
				"wachraum":{
					"name": "Wachraum",
					"beschreibung": "Wachraum",
					"open": false,
					"gefahrenstufe": 5,
					"typ": "gefangen",
					"npc": {
						"bot1": "Manfred",
						"bot2": "Karl"
					}
				},
				"hof":{
					"name": "Hof",
					"beschreibung": "Hof",
					"open": true,
					"gefahrenstufe": 3,
					"typ": "gefangen",
					"npc": {
						"bot1": "Manfred",
						"bot2": "Karl",
						"bot3": "Gustav"
					}
				},
				"flur":{
					"name": "Flur",
					"beschreibung": "Flur",
					"open": true,
					"gefahrenstufe": 4,
					"typ": "gefangen",
					"npc": {
						"bot1": "Herkules",
						"bot2": "Ironman",
						"bot3": "Thor"
					}
				}
			}	
	}